{"cameraMode":{"drawMode":0,"name":"Shaded","section":"Shading Mode"},"sceneLighting":true,"audioPlay":false,"sceneViewState":{"m_AlwaysRefresh":false,"showFog":true,"showSkybox":true,"showFlares":true,"showImageEffects":true,"showParticleSystems":true,"showVisualEffectGraphs":true,"m_FxEnabled":false},"in2DMode":false,"pivot":{"x":0.0180361270904541,"y":0.34994763135910036,"z":-0.0074773430824279789},"rotation":{"x":0.19319970905780793,"y":0.2246963381767273,"z":-0.045514218509197238,"w":0.9540227651596069},"size":4.299346923828125,"orthographic":false}